{"cameraMode":{"drawMode":0,"name":"Shaded","section":"Shading Mode"},"sceneLighting":true,"audioPlay":false,"sceneViewState":{"showFog":true,"showMaterialUpdate":false,"showSkybox":true,"showFlares":true,"showImageEffects":true,"showParticleSystems":true},"in2DMode":false,"pivot":{"x":4059.92919921875,"y":-3305.974609375,"z":-380.33074951171877},"rotation":{"x":0.2202674299478531,"y":0.7029237747192383,"z":-0.24573500454425813,"w":0.630075216293335},"size":21888.462890625,"orthographic":false}